destino,volumen_ordenes,prioridad_media,mix_ev
Italia,64,2.140625,0.484375
Benelux,65,2.0153846153846153,0.4461538461538462
Iberia,145,2.0689655172413794,0.38620689655172413
Alemania,116,2.0086206896551726,0.4396551724137931
Francia,100,2.02,0.44
