turno_referencia,tipo_propulsion,riesgo_medio,readiness_media,prioridad_media,ordenes
B,EV,61.22960640838207,25.467795942982455,66.46415570723684,114
C,EV,59.98792288557214,25.945970149253732,63.95825186567164,67
A,EV,59.371854722222224,31.38751125,63.59837235416667,30
A,ICE,55.51253983516484,38.570492445054946,58.4370145260989,91
B,ICE,54.94647809027778,39.03455828125,57.8638197421875,80
C,ICE,54.08424351851851,39.06401574074074,57.68402259259259,108
