tipo_propulsion,sequence_disruption_score,yard_congestion_score,charging_pressure_score,dispatch_delay_risk_score,launch_transition_stress_score
EV,40.21640751914598,74.91304126053996,16.08049525702019,53.798898284598124,44.36629042894717
ICE,31.577680278996514,83.55136849851877,0.0,28.655209309883627,34.513304056355544
