area,critical_share,avg_criticality,p95_criticality,tipo_cuello
CARGA,0.0,25.34951035516844,43.81320102537632,ESTABLE
ENERGIA,0.0,22.206463402317546,35.92617577795699,ESTABLE
EXPEDICION,0.0,28.503032604130585,45.59020129523808,ESTABLE
LOGISTICA,0.0,32.05776995461424,51.89295082216274,ESTABLE
PATIO,0.0,45.89726042778141,61.56233066963351,ESTABLE
PRODUCCION,0.0,30.48825628618187,48.89324333311353,ESTABLE
