turno,sequence_disruption_score,yard_congestion_score,charging_pressure_score,dispatch_delay_risk_score,launch_transition_stress_score
A,36.32016604027599,80.30080690650261,6.3054069435874425,37.596796292141136,38.56622457819911
B,35.09642740085218,80.19265921464729,6.39745954878182,37.73428291270622,38.288366101050656
C,32.56412531189354,79.88208316005914,6.20679061546992,41.17472545667375,38.208534393963895
