area,throughput_gap,congestion_index,avg_wait_time,queue_pressure_score,slot_utilization,bottleneck_density,dispatch_risk_density,operational_stress_score,readiness_score,yard_risk_score,charging_risk_score,dispatch_risk_score,throughput_loss_score,launch_transition_risk_score,operational_priority_index,main_risk_driver,recommended_action,area_priority_tier,main_bottleneck_driver
PATIO,-12.163614163614163,38.20851389025496,387.5793849883346,0.0,0.0,13.79878960927961,0.0,19.149609944115436,55.0,100.0,40.0,55.0,100.0,56.09335848165705,68.47493735706512,yard_risk_score,revisar política de buffer en patio,estabilizar en la siguiente ola,CONGESTION_PATIO
LOGISTICA,-12.163614163614163,13.332446483516481,132.87937949865128,95.60685360074508,0.0,13.332446483516481,0.9560685360074508,19.05634131896281,20.89713806627887,55.75169725591995,42.27070481984702,84.70823298970808,99.90856635203636,56.02021156328614,68.12696710149086,throughput_loss_score,ajustar turnos o recursos,estabilizar en la siguiente ola,RIESGO_EXPEDICION
EXPEDICION,-12.163614163614163,0.0,132.87937949865128,95.60685360074508,0.0,0.0,0.9560685360074508,14.615101050061051,30.641508674462102,23.769327834733097,39.948644649499556,62.897431602994146,94.10341592616771,51.376091222591214,54.77260095375329,throughput_loss_score,ajustar turnos o recursos,monitorizar muy de cerca,RIESGO_EXPEDICION
PRODUCCION,-12.163614163614163,8.271765341880341,132.87937949865128,0.0,0.0,8.271765341880341,0.43023084120335287,16.269454118437118,63.84587052584018,42.74839924649202,20.81360739305275,51.1036706437912,96.26582278505069,53.1060167096976,50.62820317658489,throughput_loss_score,ajustar turnos o recursos,monitorizar muy de cerca,RIESGO_EXPEDICION
CARGA,-12.163614163614163,5.7485893956043945,53.12053857891211,1.1053932813410963,0.12801094751709044,5.7485893956043945,0.0,18.325037879523737,89.8272306426946,31.579743978638028,54.73232909590606,22.084105205734218,98.95267875851313,55.25550148846756,48.70373751521258,throughput_loss_score,ajustar turnos o recursos,mantener bajo observación,PRESION_CARGA
ENERGIA,-12.163614163614163,0.8261756532356531,37.184377005238474,0.7185056328717125,0.08960766326196329,0.8261756532356531,0.0,16.572489445947447,95.22784687938193,18.20718987297042,42.52935697116746,12.742444705844672,96.66192062124922,53.42289497865643,40.76953057393895,throughput_loss_score,ajustar turnos o recursos,mantener bajo observación,PRESION_CARGA
