escenario,descripcion,share_ev_estimado,throughput,tiempo_total_interno,ocupacion_media_patio,ocupacion_pico_patio,espera_carga,riesgo_salida_baja_readiness,riesgo_congestion,vehiculos_retrasados,estabilidad_operativa,decision_score
8_combinacion_medidas_correctivas,Secuenciación + carga + patio con disciplina de salida,0.6472376499297265,163.18,1601.0,0.0847,0.5695,70.19,0.006137307091576884,0.09877776969972539,0.902933488389416,77.72,51.53244550707357
3_aumento_slots_carga,Incremento de disponibilidad de carga,0.5772376499297265,160.58,1648.54,0.0909,0.5988,65.55,0.00611525418987313,0.10717440874035988,0.9349559300489898,77.02,50.547072619079636
5_expansion_o_mejor_uso_patio,Expansión física o rediseño de uso de patio,0.5772376499297265,160.03,1666.48,0.0845,0.5527,73.24,0.0065264185590961895,0.09892197926735219,0.9557547378149102,76.49,49.9076834728604
4_mejor_secuenciacion_ev,Secuenciación EV más estable y balanceada,0.5772376499297265,161.37,1653.03,0.0878,0.5922,71.06,0.0062726753410473094,0.10215661937017993,0.9421781401814932,76.77,49.76981386884638
1_ramp_up_ev_base,Ramp-up EV base con adaptación mínima,0.4972376499297265,159.1,1692.28,0.0899,0.5904,67.46,0.00641592897979637,0.10512322388408504,0.9766049660387673,76.15,49.5496838017811
2_ramp_up_ev_acelerado,Aceleración de mix EV sin refuerzo completo,0.6472376499297265,156.07,1727.55,0.0923,0.6097,78.3,0.006689327910393368,0.10973197985802756,1.0,74.97,45.8888615914833
6_mas_presion_logistica_salida,Mayor presión de expedición y ventanas tensas,0.5772376499297265,153.4,1744.21,0.0947,0.6239,73.24,0.0069832678582329236,0.11242595476863752,1.0,75.11,45.82451353186707
7_turno_tensionado_menor_disponibilidad,Tensión en turno por menor disponibilidad operativa,0.5772376499297265,150.62,1767.76,0.0923,0.606,74.71,0.006690398924902626,0.11315741471722364,1.0,75.03,45.18041623735396
