top1_area,freq,freq_share
PATIO,160,0.5333333333333333
LOGISTICA,140,0.4666666666666667
